{"stats":{"minecraft:custom":{"minecraft:time_since_rest":27121,"minecraft:open_chest":5,"minecraft:crouch_one_cm":267,"minecraft:play_time":27121,"minecraft:sprint_one_cm":5928,"minecraft:walk_one_cm":17675,"minecraft:bell_ring":2,"minecraft:sneak_time":227,"minecraft:mob_kills":1,"minecraft:jump":78,"minecraft:damage_dealt":110,"minecraft:leave_game":7,"minecraft:walk_on_water_one_cm":816,"minecraft:time_since_death":27121,"minecraft:total_world_time":27121,"minecraft:fly_one_cm":583348},"minecraft:killed":{"minecraft:cow":1},"minecraft:used":{"wilderwild:hollowed_birch_log":2,"wilderwild:firefly_bottle":2,"wilderwild:stone_chest":2,"wilderwild:pink_giant_glory_of_the_snow":1,"minecraft:lever":1,"wilderwild:blue_giant_glory_of_the_snow":1,"wilderwild:brown_shelf_fungi":1,"wilderwild:crab_bucket":1,"create:shaft":2,"wilderwild:jellyfish_bucket":1,"minecraft:grass_block":3,"minecraft:chest":1,"estrogen:dream_bottle":7,"create:speedometer":1,"create:large_water_wheel":2,"wilderwild:geyser":3,"minecraft:bone_meal":4,"minecraft:spruce_log":1,"wilderwild:coconut":4,"wilderwild:display_lantern":1,"create:large_cogwheel":15,"create:creative_motor":2},"minecraft:picked_up":{"wilderwild:red_nematocyst":3,"minecraft:brown_mushroom":7,"minecraft:lever":1,"wilderwild:display_lantern":1,"minecraft:beef":3,"wilderwild:stone_chest":1,"wilderwild:split_coconut":8}},"DataVersion":3465}