{
  "minecraft:recipes/decorations/crafting_table": {
    "criteria": {
      "unlock_right_away": "2024-10-24 10:50:10 +0000"
    },
    "done": true
  },
  "minecraft:adventure/adventuring_time": {
    "criteria": {
      "minecraft:old_growth_pine_taiga": "2024-10-24 11:01:28 +0000",
      "minecraft:birch_forest": "2024-10-24 10:52:00 +0000",
      "minecraft:dark_forest": "2024-10-24 10:50:10 +0000",
      "minecraft:river": "2024-10-24 10:59:02 +0000",
      "minecraft:swamp": "2024-10-24 10:59:16 +0000",
      "minecraft:forest": "2024-10-24 10:51:58 +0000",
      "minecraft:flower_forest": "2024-10-24 10:52:54 +0000",
      "minecraft:old_growth_birch_forest": "2024-10-24 10:59:00 +0000",
      "minecraft:meadow": "2024-10-24 10:51:26 +0000",
      "minecraft:plains": "2024-10-24 10:52:27 +0000"
    },
    "done": false
  },
  "minecraft:recipes/building_blocks/birch_planks": {
    "criteria": {
      "has_logs": "2024-10-24 11:00:00 +0000"
    },
    "done": true
  },
  "wilderwild:recipes/building_blocks/birch_planks_from_hollowed": {
    "criteria": {
      "has_log": "2024-10-24 11:00:00 +0000"
    },
    "done": true
  },
  "minecraft:recipes/misc/charcoal": {
    "criteria": {
      "has_log": "2024-10-24 11:00:00 +0000"
    },
    "done": true
  },
  "wilderwild:recipes/building_blocks/birch_wood_from_hollowed": {
    "criteria": {
      "has_log": "2024-10-24 11:00:00 +0000"
    },
    "done": true
  },
  "minecraft:recipes/transportation/mangrove_boat": {
    "criteria": {
      "in_water": "2024-10-24 11:01:25 +0000"
    },
    "done": true
  },
  "wilderwild:recipes/transportation/cypress_boat": {
    "criteria": {
      "in_water": "2024-10-24 11:01:25 +0000"
    },
    "done": true
  },
  "wilderwild:recipes/transportation/palm_boat": {
    "criteria": {
      "in_water": "2024-10-24 11:01:25 +0000"
    },
    "done": true
  },
  "wilderwild:recipes/transportation/baobab_boat": {
    "criteria": {
      "in_water": "2024-10-24 11:01:25 +0000"
    },
    "done": true
  },
  "wilderwild:recipes/transportation/maple_boat": {
    "criteria": {
      "in_water": "2024-10-24 11:01:25 +0000"
    },
    "done": true
  },
  "minecraft:recipes/transportation/acacia_boat": {
    "criteria": {
      "in_water": "2024-10-24 11:01:25 +0000"
    },
    "done": true
  },
  "minecraft:recipes/transportation/cherry_boat": {
    "criteria": {
      "in_water": "2024-10-24 11:01:25 +0000"
    },
    "done": true
  },
  "minecraft:recipes/transportation/bamboo_raft": {
    "criteria": {
      "in_water": "2024-10-24 11:01:25 +0000"
    },
    "done": true
  },
  "minecraft:recipes/transportation/spruce_boat": {
    "criteria": {
      "in_water": "2024-10-24 11:01:25 +0000"
    },
    "done": true
  },
  "minecraft:recipes/transportation/birch_boat": {
    "criteria": {
      "in_water": "2024-10-24 11:01:25 +0000"
    },
    "done": true
  },
  "minecraft:recipes/transportation/oak_boat": {
    "criteria": {
      "in_water": "2024-10-24 11:01:25 +0000"
    },
    "done": true
  },
  "minecraft:recipes/transportation/jungle_boat": {
    "criteria": {
      "in_water": "2024-10-24 11:01:25 +0000"
    },
    "done": true
  },
  "minecraft:recipes/transportation/dark_oak_boat": {
    "criteria": {
      "in_water": "2024-10-24 11:01:25 +0000"
    },
    "done": true
  },
  "minecraft:recipes/misc/white_dye": {
    "criteria": {
      "has_bone_meal": "2024-10-24 11:01:38 +0000"
    },
    "done": true
  },
  "minecraft:recipes/building_blocks/bone_block": {
    "criteria": {
      "has_bone_meal": "2024-10-24 11:01:38 +0000"
    },
    "done": true
  },
  "minecraft:recipes/misc/bowl": {
    "criteria": {
      "has_brown_mushroom": "2024-10-24 11:01:43 +0000"
    },
    "done": true
  },
  "minecraft:recipes/food/mushroom_stew": {
    "criteria": {
      "has_brown_mushroom": "2024-10-24 11:01:43 +0000"
    },
    "done": true
  },
  "minecraft:recipes/building_blocks/spruce_planks": {
    "criteria": {
      "has_logs": "2024-10-24 11:01:44 +0000"
    },
    "done": true
  },
  "minecraft:recipes/building_blocks/spruce_wood": {
    "criteria": {
      "has_log": "2024-10-24 11:01:44 +0000"
    },
    "done": true
  },
  "wilderwild:recipes/misc/split_coconut_from_coconut_stonecutting": {
    "criteria": {
      "has_coconut": "2024-10-24 11:01:57 +0000"
    },
    "done": true
  },
  "wilderwild:recipes/misc/white_dye_from_split_coconut": {
    "criteria": {
      "has_split_coconut": "2024-10-24 11:01:58 +0000"
    },
    "done": true
  },
  "wilderwild:recipes/misc/bowl_from_split_coconut": {
    "criteria": {
      "has_split_coconut": "2024-10-24 11:01:58 +0000"
    },
    "done": true
  },
  "wilderwild:recipes/decorations/red_mesoglea": {
    "criteria": {
      "has_nematocyst": "2024-10-24 11:02:24 +0000"
    },
    "done": true
  },
  "wilderwild:recipes/misc/blue_dye_from_blue_giant_glory_of_the_snow": {
    "criteria": {
      "has_blue_giant_glory_of_the_snow": "2024-10-24 11:05:30 +0000"
    },
    "done": true
  },
  "wilderwild:recipes/misc/pink_dye_from_pink_giant_glory_of_the_snow": {
    "criteria": {
      "has_pink_giant_glory_of_the_snow": "2024-10-24 11:05:31 +0000"
    },
    "done": true
  },
  "create:root": {
    "criteria": {
      "0": "2024-10-24 11:17:57 +0000"
    },
    "done": true
  },
  "estrogen:root": {
    "criteria": {
      "root": "2024-10-24 11:18:04 +0000"
    },
    "done": true
  },
  "estrogen:uwu": {
    "criteria": {
      "uwu": "2024-10-24 11:20:47 +0000"
    },
    "done": true
  },
  "create:recipes/misc/crafting/kinetics/stressometerfrom_conversion": {
    "criteria": {
      "has_item": "2024-10-24 11:21:27 +0000"
    },
    "done": true
  },
  "minecraft:recipes/food/cooked_beef_from_smoking": {
    "criteria": {
      "has_beef": "2024-10-24 11:48:03 +0000"
    },
    "done": true
  },
  "minecraft:adventure/root": {
    "criteria": {
      "killed_something": "2024-10-24 11:48:03 +0000"
    },
    "done": true
  },
  "minecraft:recipes/food/cooked_beef": {
    "criteria": {
      "has_beef": "2024-10-24 11:48:03 +0000"
    },
    "done": true
  },
  "minecraft:recipes/food/cooked_beef_from_campfire_cooking": {
    "criteria": {
      "has_beef": "2024-10-24 11:48:03 +0000"
    },
    "done": true
  },
  "DataVersion": 3465
}